,datetime,timestamp,user_id,level,task,hr,gsr,rr,temperature,TLX_mean,TLX_mental_demand,TLX_physical_demand,TLX_temporal_demand,TLX_performance,TLX_effort,TLX_frustration,band_ax,band_ay,band_az,opacity_median,opacity_std
0,2017-08-21 12:45:59,1503319558516,7swyk,1,n2,94.0,0.6298553553368986,0.6526186666666643,31.209999084472702,-1,-1,-1,-1,-1,-1,-1,0.0090739033333337,0.4549153333333324,0.873047,-1.0,-1.0
1,2017-08-21 13:10:56,1503321055488,7swyk,rest,HPrest,82.33333333333333,1.6853943217068617,0.7355786666666617,32.38000106811534,-1,-1,-1,-1,-1,-1,-1,-0.114909,0.6985673333333301,0.6923830000000025,-1.0,-1.0
2,2017-08-21 13:13:33,1503321212506,7swyk,rest,HPrest,86.66666666666667,1.6891891891891964,0.6747413333333275,32.310001373291115,-1,-1,-1,-1,-1,-1,-1,-0.0815430000000001,0.5225831666666636,0.8340250000000021,-1.0,-1.0
3,2017-08-21 13:16:42,1503321401486,7swyk,rest,HPrest,82.66666666666667,1.6538047543466023,0.6858026666666599,32.069999694824325,-1,-1,-1,-1,-1,-1,-1,-0.1415606666666668,0.5718179999999972,0.7943930000000025,-1.0,-1.0
4,2017-08-21 13:27:32,1503322051490,7swyk,rest,GCrest,83.66666666666667,1.6111744978045224,0.7411093333333266,31.700000762939585,-1,-1,-1,-1,-1,-1,-1,-0.2377929999999998,0.8286943333333326,0.4956870000000016,-1.0,-1.0
5,2017-08-21 13:30:45,1503322244495,7swyk,rest,GCrest,83.0,1.5923593796244762,0.7521706666666583,31.61000061035169,-1,-1,-1,-1,-1,-1,-1,-0.1505126666666666,0.8247069999999995,0.5325523333333345,-1.0,-1.0
6,2017-08-21 13:33:03,1503322382505,7swyk,rest,GCrest,83.0,4.098406548749172,0.6996293333333242,31.659999847412184,-1,-1,-1,-1,-1,-1,-1,-0.0807291666666665,0.5465085000000002,0.8186036666666677,-1.0,-1.0
7,2017-08-21 12:52:34,1503319953500,7swyk,rest,n3_rest,91.0,0.6459953708530591,0.6415573333333303,31.57999992370613,-1,-1,-1,-1,-1,-1,-1,-0.0996906666666662,0.3420409999999984,0.918945,-1.0,-1.0
8,2017-08-21 13:42:40,1503322959508,7swyk,rest,SXrest,79.33333333333333,2.857142857142856,0.6802719999999903,31.799999237060604,-1,-1,-1,-1,-1,-1,-1,-0.0944010333333331,0.5365805,0.8233236666666679,-1.0,-1.0
9,2017-08-21 13:44:46,1503323085499,7swyk,rest,SXrest,85.66666666666667,2.7173913043478213,0.6581493333333231,31.799999237060604,-1,-1,-1,-1,-1,-1,-1,-0.2298989999999999,0.4805499999999997,0.8356123333333342,-1.0,-1.0
10,2017-08-21 13:49:04,1503323343499,7swyk,rest,SXrest,81.33333333333333,2.5839793281653693,0.7134559999999895,31.840000152588004,-1,-1,-1,-1,-1,-1,-1,-0.2165525,0.4686685,0.843302166666667,-1.0,-1.0
11,2017-08-21 13:18:05,1503321484484,7swyk,2,FA,87.33333333333333,1.620745542949763,0.6526186666666599,31.969999313354624,13,2,2,2,3,2,2,-0.1096596666666668,0.592529333333331,0.7843016666666692,0.141176470588,0.0809854900806747
12,2017-08-21 13:21:09,1503321668503,7swyk,1,FA,83.0,1.597444089456875,0.6858026666666609,31.87000083923352,16,2,3,2,3,3,3,-0.1415606666666668,0.6687823333333318,0.7172036666666687,0.1450980392155,0.0604263426834273
13,2017-08-21 13:23:27,1503321806518,7swyk,0,FA,83.0,1.5881427646133588,0.6968639999999935,31.786666870117287,17,3,3,2,3,3,3,-0.1211753333333334,0.804321333333332,0.5693363333333358,0.0980392156864,0.0582040206891785
14,2017-08-21 12:47:34,1503319653504,7swyk,rest,n2_rest,101.66666666666669,0.6222815518884087,0.641557333333331,31.30999946594243,-1,-1,-1,-1,-1,-1,-1,-0.0116373799999995,0.4816079999999991,0.8601076666666664,-1.0,-1.0
15,2017-08-21 13:34:55,1503322494506,7swyk,rest,NCrest,89.66666666666667,4.497832247766296,0.7466399999999904,31.680000305175884,-1,-1,-1,-1,-1,-1,-1,-0.5243733333333332,0.2466633333333336,0.6887208333333348,-1.0,-1.0
16,2017-08-21 13:38:08,1503322687503,7swyk,rest,NCrest,86.0,3.4285803951105422,0.6858026666666568,31.659999847412184,-1,-1,-1,-1,-1,-1,-1,-0.2078043333333331,0.4723306666666672,0.8444010000000018,-1.0,-1.0
17,2017-08-21 13:41:10,1503322869507,7swyk,rest,NCrest,80.0,2.973246667608683,0.6692106666666563,31.7900009155274,-1,-1,-1,-1,-1,-1,-1,-0.2722169999999999,0.5176596666666669,0.7999673333333354,-1.0,-1.0
18,2017-08-21 12:49:34,1503319773506,7swyk,2,n3,88.33333333333333,0.6521739746722363,0.6802719999999972,31.42000007629393,-1,-1,-1,-1,-1,-1,-1,-0.0206705666666662,0.5275473333333316,0.8323976666666661,-1.0,-1.0
19,2017-08-21 13:34:05,1503322444493,7swyk,0,NC,86.0,4.7095993149673765,0.6913333333333238,31.700000762939585,11,2,2,1,2,2,2,-0.1507973333333332,0.4289146666666666,0.8769126666666672,0.078431372549,0.0737004546560683
20,2017-08-21 13:37:17,1503322636490,7swyk,2,NC,90.33333333333331,3.6014509691885426,0.6415573333333234,31.64999961853039,22,4,4,4,3,4,3,-0.1355793333333331,0.5040693333333337,0.8399253333333347,0.0941176470588,0.045681685891668
21,2017-08-21 13:39:51,1503322790493,7swyk,1,NC,88.0,3.121754932502592,0.6858026666666562,31.72999954223639,17,3,3,3,2,3,3,-0.1615399999999999,0.5220540000000011,0.823974333333335,0.0549019607843,0.0237423519581365
22,2017-08-21 13:09:43,1503320982492,7swyk,2,HP,91.33333333333331,1.7172441881223488,0.6802719999999951,32.389999389648544,11,2,2,1,2,2,2,-0.1193033333333333,0.6644693333333308,0.7241210000000021,0.0862745098040499,0.08831223950736
23,2017-08-21 13:12:41,1503321160478,7swyk,0,HP,87.0,1.7123287671232934,0.6470879999999943,32.330001831054815,11,2,2,1,2,2,2,-0.0786132666666667,0.5350749999999967,0.825968666666669,0.094117647059,0.0424866766150325
24,2017-08-21 13:15:27,1503321326490,7swyk,1,HP,86.66666666666667,1.6722439201751698,0.7023946666666608,32.15000152587904,12,2,2,2,2,2,2,-0.1164550000000002,0.5017089999999971,0.8439943333333361,0.0941176470588,0.0314437694269552
25,2017-08-21 13:41:54,1503322913511,7swyk,0,SX,86.0,2.9154518950437307,0.6802719999999899,31.7900009155274,12,2,2,2,2,2,2,-0.1820476666666666,0.5403240000000001,0.8076985000000022,0.30588235294095,0.3105723901679193
26,2017-08-21 13:43:57,1503323036502,7swyk,1,SX,81.66666666666667,2.7675323814042208,0.7023946666666571,31.799999237060604,16,3,3,3,2,3,2,-0.2386879999999999,0.4576823333333331,0.8452556666666672,0.1529411764704999,0.0478367080217648
27,2017-08-21 13:47:09,1503323228506,7swyk,2,SX,84.33333333333333,2.647841728301489,0.6692106666666563,31.819999694824304,21,4,4,4,2,4,3,-0.2174480000000001,0.5164793333333335,0.8155110000000002,0.1137254901965,0.0535570784661703
28,2017-08-21 13:19:16,1503321555499,7swyk,rest,FArest,84.33333333333333,1.6077170418006494,0.7023946666666604,31.930000305175916,-1,-1,-1,-1,-1,-1,-1,-0.1204426666666669,0.6655273333333311,0.7232256666666693,-1.0,-1.0
29,2017-08-21 13:22:08,1503321727495,7swyk,rest,FArest,85.0,1.5940497837916607,0.7189866666666607,31.82999992370621,-1,-1,-1,-1,-1,-1,-1,-0.1018471666666667,0.690022833333332,0.7043051666666692,-1.0,-1.0
30,2017-08-21 13:25:03,1503321902493,7swyk,rest,FArest,83.0,1.5923566878980957,0.7300479999999935,31.739999771118296,-1,-1,-1,-1,-1,-1,-1,-0.1473793333333334,0.8579913333333327,0.4842123333333354,-1.0,-1.0
31,2017-08-21 13:51:04,1503323463489,7swyk,rest,PTrest,80.0,2.546692977445423,0.7079253333333227,31.819999694824304,-1,-1,-1,-1,-1,-1,-1,-0.2432453333333333,0.3732911666666667,0.8788655000000007,-1.0,-1.0
32,2017-08-21 13:52:45,1503323564495,7swyk,rest,PTrest,80.0,2.5083647141303795,0.6470879999999898,31.780000686645597,-1,-1,-1,-1,-1,-1,-1,-0.1617025333333333,0.2421469999999995,0.9356690000000008,-1.0,-1.0
33,2017-08-21 13:26:23,1503321982506,7swyk,1,GC,90.66666666666669,1.5898277981455262,0.7521706666666598,31.709999084472788,19,4,3,2,4,3,3,-0.2226154999999998,0.5544028333333328,0.7909340000000018,0.1372549019605,0.1032199772635108
34,2017-08-21 13:29:42,1503322181494,7swyk,2,GC,88.0,1.5923593796244762,0.6139039999999925,31.64999961853039,20,4,3,3,4,3,3,-0.0298665333333332,0.4606119999999996,0.8725586666666675,0.0862745098039,0.0604759009159872
35,2017-08-21 13:31:50,1503322309506,7swyk,0,GC,87.0,2.662488517195944,0.5973119999999911,31.62999916076669,18,3,3,3,3,3,3,-0.0636800166666665,0.5192056666666665,0.8383791666666681,0.117647058824,0.0728610143527557
